id,tool_id,tool_name,category,description,total_quantity,available_quantity,unit_price,created_at
3,null,"Multimeter","General","Multimeter",10,10,"0.00","2026-07-02T04:46:51.932Z"
5,null,"230V to 24V Converter","General","230V to 24V Converter",10,10,"0.00","2026-07-02T04:46:51.949Z"
6,null,"Raspberry pi With Case","General","Raspberry pi With Case",10,10,"0.00","2026-07-02T04:46:51.959Z"
7,null,"IA005: LoraWAN Board","General","IA005: LoraWAN Board",10,10,"0.00","2026-07-02T04:46:51.965Z"
8,null,"Wire Stripper","General","Wire Stripper",10,10,"0.00","2026-07-02T04:46:51.971Z"
9,null,"Nose Plier","General","Nose Plier",10,10,"0.00","2026-07-02T04:46:51.978Z"
10,null,"Ethernet Switch with adapter","General","Ethernet Switch with adapter",10,10,"0.00","2026-07-02T04:46:51.984Z"
11,null,"Ethernet Cable","General","Ethernet Cable",10,10,"0.00","2026-07-02T04:46:51.991Z"
12,null,"Programmer with cable","General","Programmer with cable",10,10,"0.00","2026-07-02T04:46:51.996Z"
13,null,"Cables with connector set","General","Cables with connector set",10,10,"0.00","2026-07-02T04:46:52.001Z"
14,null,"AC Tester","General","AC Tester",10,10,"0.00","2026-07-02T04:46:52.008Z"
15,null,"Snap-off Cutter","General","Snap-off Cutter",10,10,"0.00","2026-07-02T04:46:52.013Z"
16,null,"Insulation tape","General","Insulation tape",10,10,"0.00","2026-07-02T04:46:52.019Z"
17,null,"RS 485 tester with cable","General","RS 485 tester with cable",10,10,"0.00","2026-07-02T04:46:52.025Z"
18,null,"USB Pendrive","General","USB Pendrive",10,10,"0.00","2026-07-02T04:46:52.031Z"
19,null,"Power supply with cable","General","Power supply with cable",10,10,"0.00","2026-07-02T04:46:52.037Z"
20,null,"Mobile Charger","General","Mobile Charger",10,10,"0.00","2026-07-02T04:46:52.043Z"
21,null,"Micro SD Card 16GB","General","Micro SD Card 16GB",10,10,"0.00","2026-07-02T04:46:52.048Z"
22,null,"USB mini Keybaord E-SPECTRUM and Mouse set","General","USB mini Keybaord E-SPECTRUM and Mouse set",10,10,"0.00","2026-07-02T04:46:52.054Z"
23,null,"USB C type cable 1 meter","General","USB C type cable 1 meter",10,10,"0.00","2026-07-02T04:46:52.060Z"
24,null,"Edge Router with power adapter","General","Edge Router with power adapter",10,10,"0.00","2026-07-02T04:46:52.065Z"
25,null,"Raspberry Pi 400 with Power Adapter, Micro SD Card and RTC","General","Raspberry Pi 400 with Power Adapter, Micro SD Card and RTC",10,10,"0.00","2026-07-02T04:46:52.070Z"
26,null,"Full HDMI to Micro HDMI converter cable","General","Full HDMI to Micro HDMI converter cable",10,10,"0.00","2026-07-02T04:46:52.077Z"
27,null,"VGA to Mircro HDMI converter cable","General","VGA to Mircro HDMI converter cable",10,10,"0.00","2026-07-02T04:46:52.083Z"
28,null,"Bulb holder with wire","General","Bulb holder with wire",10,10,"0.00","2026-07-02T04:46:52.089Z"
29,null,"Bulb","General","Bulb",10,10,"0.00","2026-07-02T04:46:52.095Z"
30,null,"Shielded 4-core cable","General","Shielded 4-core cable",10,10,"0.00","2026-07-02T04:46:52.101Z"
31,null,"Fluke 179 True RMS Multimeter","General","Fluke 179 True RMS Multimeter",10,10,"0.00","2026-07-02T04:46:52.108Z"
32,null,"Fan Control Demo kit","General","Fan Control Demo kit",10,10,"0.00","2026-07-02T04:46:52.114Z"
33,null,"Chageer with cable","General","Chageer with cable",10,10,"0.00","2026-07-02T04:46:52.122Z"
34,null,"Shielded cable 4-core","General","Shielded cable 4-core",10,10,"0.00","2026-07-02T04:46:52.128Z"
35,null,"USB-RS485 converter with cable","General","USB-RS485 converter with cable",10,10,"0.00","2026-07-02T04:46:52.135Z"
36,null,"VGA to HDMI cable","General","VGA to HDMI cable",10,10,"0.00","2026-07-02T04:46:52.154Z"
37,null,"VGA to VGA Cable","General","VGA to VGA Cable",10,10,"0.00","2026-07-02T04:46:52.161Z"
38,null,"Cables, Varistor with connector set","General","Cables, Varistor with connector set",10,10,"0.00","2026-07-02T04:46:52.168Z"
39,null,"USB mini Keyboard","General","USB mini Keyboard",10,10,"0.00","2026-07-02T04:46:52.174Z"
40,null,"Power bank","General","Power bank",10,10,"0.00","2026-07-02T04:46:52.180Z"
41,null,"Industrial safety helmet","General","Industrial safety helmet",10,10,"0.00","2026-07-02T04:46:52.187Z"
42,null,"Solder station and its accessories","General","Solder station and its accessories",10,10,"0.00","2026-07-02T04:46:52.194Z"
43,null,"Electronic components Kit","General","Electronic components Kit",10,10,"0.00","2026-07-02T04:46:52.200Z"
44,null,"Rider helmet","General","Rider helmet",10,10,"0.00","2026-07-02T04:46:52.206Z"
45,null,"Mobile charger with cable","General","Mobile charger with cable",10,10,"0.00","2026-07-02T04:46:52.211Z"
46,null,"Tweezer","General","Tweezer",10,10,"0.00","2026-07-02T04:46:52.218Z"
47,null,"Industrial SMPS 24V DC 5A","General","Industrial SMPS 24V DC 5A",10,10,"0.00","2026-07-02T04:46:52.224Z"
48,null,"Industrial SMPS 24V DC 2.5A","General","Industrial SMPS 24V DC 2.5A",10,10,"0.00","2026-07-02T04:46:52.229Z"
49,null,"Measuring steel tape 5 meter","General","Measuring steel tape 5 meter",10,10,"0.00","2026-07-02T04:46:52.235Z"
50,null,"Energy monitoring POC and demonstration kit (Includes Elmeasure Energy meter LG+ 3399 - 1, ARMtronix IA010: Modbus to IIoT - 1, Contactor-1, momentory swich-2, Ethernet Cable -3)","General","Energy monitoring POC and demonstration kit (Includes Elmeasure Energy meter LG+ 3399 - 1, ARMtronix IA010: Modbus to IIoT - 1, Contactor-1, momentory swich-2, Ethernet Cable -3)",10,10,"0.00","2026-07-02T04:46:52.241Z"
51,null,"Tool Kit (Includes Elmeasure Energy meter LG+ 3399 - 1, Contactor-1, momentory swich-2, Master Control Unit-1, Light bulb-1","General","Tool Kit (Includes Elmeasure Energy meter LG+ 3399 - 1, Contactor-1, momentory swich-2, Master Control Unit-1, Light bulb-1",10,10,"0.00","2026-07-02T04:46:52.247Z"
52,null,"Full HDMI to HDMI cable","General","Full HDMI to HDMI cable",10,10,"0.00","2026-07-02T04:46:52.254Z"
53,null,"7100003572 MCU PANEL","General","7100003572 MCU PANEL",10,10,"0.00","2026-07-02T04:46:52.260Z"
54,null,"USB Key board","General","USB Key board",10,10,"0.00","2026-07-02T04:46:52.266Z"
55,null,"USB Mouse","General","USB Mouse",10,10,"0.00","2026-07-02T04:46:52.272Z"
56,null,"Wire cutter","General","Wire cutter",10,10,"0.00","2026-07-02T04:46:52.278Z"
57,null,"Opening Pry Tool","General","Opening Pry Tool",10,10,"0.00","2026-07-02T04:46:52.284Z"
58,null,"Lenovo minikeyboard","General","Lenovo minikeyboard",10,10,"0.00","2026-07-02T04:46:52.290Z"
59,null,"Intel NUC with power adapter","General","Intel NUC with power adapter",10,10,"0.00","2026-07-02T04:46:52.296Z"
60,null,"Wifi dongle with charger","General","Wifi dongle with charger",10,10,"0.00","2026-07-02T04:46:52.302Z"
61,null,"AC plug with cables along with  single pole MCB 16A","General","AC plug with cables along with  single pole MCB 16A",10,10,"0.00","2026-07-02T04:46:52.310Z"
62,null,"16A plug and socket","General","16A plug and socket",10,10,"0.00","2026-07-02T04:46:52.315Z"
63,null,"OBT500-18GM60-E5","General","OBT500-18GM60-E5",10,10,"0.00","2026-07-02T04:46:52.321Z"
64,null,"MCU PANEL","General","MCU PANEL",10,10,"0.00","2026-07-02T04:46:52.326Z"
65,null,"Industrial Plug 3 Pin 16 A","General","Industrial Plug 3 Pin 16 A",10,10,"0.00","2026-07-02T04:46:52.332Z"
66,null,"Control panel Key","General","Control panel Key",10,10,"0.00","2026-07-02T04:46:52.338Z"
2,null,"Soldering Iron","hardware","Imported via OCR",4,4,"100.00","2026-07-02T04:46:51.924Z"
67,null,"Stationary Type 3-Pole, Quick Connection Terminal","General","Stationary Type 3-Pole, Quick Connection Terminal",10,10,"0.00","2026-07-02T04:46:52.344Z"
68,null,"Anti static brading tool","General","Anti static brading tool",10,10,"0.00","2026-07-02T04:46:52.350Z"
69,null,"Micro USB cable 1 meter","General","Micro USB cable 1 meter",10,10,"0.00","2026-07-02T04:46:52.356Z"
70,null,"Full HDMI to Micro HDMI converter","General","Full HDMI to Micro HDMI converter",10,10,"0.00","2026-07-02T04:46:52.362Z"
71,null,"Switch with lamp 24V","General","Switch with lamp 24V",10,10,"0.00","2026-07-02T04:46:52.367Z"
72,null,"Wireless mini-keyboard","General","Wireless mini-keyboard",10,10,"0.00","2026-07-02T04:46:52.373Z"
73,null,"Barcode Scanner set Model: L14278 Serial No: 1905500501764 Serial No: 1911300500965","General","Barcode Scanner set Model: L14278 Serial No: 1905500501764 Serial No: 1911300500965",10,10,"0.00","2026-07-02T04:46:52.379Z"
74,null,"4G USB wifi dongle and SIM card","General","4G USB wifi dongle and SIM card",10,10,"0.00","2026-07-02T04:46:52.385Z"
75,null,"Micro SD card 32GB","General","Micro SD card 32GB",10,10,"0.00","2026-07-02T04:46:52.391Z"
76,null,"Micro HDMI to full HDMI converter","General","Micro HDMI to full HDMI converter",10,10,"0.00","2026-07-02T04:46:52.397Z"
77,null,"Full HDMI to micro HDMI cable","General","Full HDMI to micro HDMI cable",10,10,"0.00","2026-07-02T04:46:52.406Z"
78,null,"Dummy HDMI","General","Dummy HDMI",10,10,"0.00","2026-07-02T04:46:52.412Z"
79,null,"Power supply extension box","General","Power supply extension box",10,10,"0.00","2026-07-02T04:46:52.418Z"
80,null,"Machine stroke tester","General","Machine stroke tester",10,10,"0.00","2026-07-02T04:46:52.424Z"
81,null,"Master Control Unit - MCU432431W","General","Master Control Unit - MCU432431W",10,10,"0.00","2026-07-02T04:46:52.429Z"
82,null,"Viewsonic tocuh monitor TD1630-3 with USB cable and Power adapter","General","Viewsonic tocuh monitor TD1630-3 with USB cable and Power adapter",10,10,"0.00","2026-07-02T04:46:52.436Z"
83,null,"Weid muller 24V coil relay with base","General","Weid muller 24V coil relay with base",10,10,"0.00","2026-07-02T04:46:52.443Z"
84,null,"Presenter MCU432000W with power adapter","General","Presenter MCU432000W with power adapter",10,10,"0.00","2026-07-02T04:46:52.448Z"
85,null,"Zebronics desktop CPU with power cord","General","Zebronics desktop CPU with power cord",10,10,"0.00","2026-07-02T04:46:52.453Z"
86,null,"Waveshare USB to RS485","General","Waveshare USB to RS485",10,10,"0.00","2026-07-02T04:46:52.460Z"
87,null,"Keyboard","General","Keyboard",10,10,"0.00","2026-07-02T04:46:52.465Z"
88,null,"Mouse","General","Mouse",10,10,"0.00","2026-07-02T04:46:52.471Z"
89,null,"Screw driver set","General","Screw driver set",10,10,"0.00","2026-07-02T04:46:52.477Z"
90,null,"Presentor kit with HDMI Cable","General","Presentor kit with HDMI Cable",10,10,"0.00","2026-07-02T04:46:52.486Z"
91,null,"POE Adapter","General","POE Adapter",10,10,"0.00","2026-07-02T04:46:52.492Z"
92,null,"POE Switch with adapter","General","POE Switch with adapter",10,10,"0.00","2026-07-02T04:46:52.497Z"
93,null,"ETHERNET FAST SWITCH","General","ETHERNET FAST SWITCH",10,10,"0.00","2026-07-02T04:46:52.503Z"
94,null,"Master Control Unit MCU432440W","General","Master Control Unit MCU432440W",10,10,"0.00","2026-07-02T04:46:52.509Z"
95,null,"Fast Ehernet Switch","General","Fast Ehernet Switch",10,10,"0.00","2026-07-02T04:46:52.514Z"
96,null,"Ethernet extender","General","Ethernet extender",10,10,"0.00","2026-07-02T04:46:52.522Z"
97,null,"Power adapter","General","Power adapter",10,10,"0.00","2026-07-02T04:46:52.530Z"
98,null,"24VDC Power suply","General","24VDC Power suply",10,10,"0.00","2026-07-02T04:46:52.536Z"
99,null,"WIFI dongle with connectors","General","WIFI dongle with connectors",10,10,"0.00","2026-07-02T04:46:52.542Z"
100,null,"Tester","General","Tester",10,10,"0.00","2026-07-02T04:46:52.551Z"
101,null,"Extention cable","General","Extention cable",10,10,"0.00","2026-07-02T04:46:52.561Z"
102,null,"Zebra Barcode Scanner LS1203 wit cable","General","Zebra Barcode Scanner LS1203 wit cable",10,10,"0.00","2026-07-02T04:46:52.568Z"
103,null,"Roller Limit switch","General","Roller Limit switch",10,10,"0.00","2026-07-02T04:46:52.574Z"
104,null,"Industrial SMPS 24V DC 2.5A with cables","General","Industrial SMPS 24V DC 2.5A with cables",10,10,"0.00","2026-07-02T04:46:52.580Z"
105,null,"Pluggable green terminal blocks","General","Pluggable green terminal blocks",10,10,"0.00","2026-07-02T04:46:52.585Z"
106,null,"HDMI Cable","General","HDMI Cable",10,10,"0.00","2026-07-02T04:46:52.591Z"
107,null,"Ethernet cable with extender","General","Ethernet cable with extender",10,10,"0.00","2026-07-02T04:46:52.596Z"
108,null,"RS485-USB Converter with cable","General","RS485-USB Converter with cable",10,10,"0.00","2026-07-02T04:46:52.602Z"
109,null,"Laptop","General","Laptop",10,10,"0.00","2026-07-02T04:46:52.608Z"
110,null,"D link","General","D link",10,10,"0.00","2026-07-02T04:46:52.613Z"
111,null,"Raspberry pi","General","Raspberry pi",10,10,"0.00","2026-07-02T04:46:52.618Z"
112,null,"W","General","W",10,10,"0.00","2026-07-02T04:46:52.624Z"
113,null,"Relay and wires","General","Relay and wires",10,10,"0.00","2026-07-02T04:46:52.633Z"
114,null,"RFID reader","General","RFID reader",10,10,"0.00","2026-07-02T04:46:52.639Z"
115,null,"Satec Energy meter","General","Satec Energy meter",10,10,"0.00","2026-07-02T04:46:52.645Z"
116,null,"Presentor with power adapter","General","Presentor with power adapter",10,10,"0.00","2026-07-02T04:46:52.651Z"
117,null,"Wifi dongle","General","Wifi dongle",10,10,"0.00","2026-07-02T04:46:52.657Z"
118,null,"Buttons/level switch","General","Buttons/level switch",10,10,"0.00","2026-07-02T04:46:52.663Z"
119,null,"Expandable modular 4-AI","General","Expandable modular 4-AI",10,10,"0.00","2026-07-02T04:46:52.669Z"
120,null,"Improvar and Power adapter","General","Improvar and Power adapter",10,10,"0.00","2026-07-02T04:46:52.674Z"
121,null,"camera stand","General","camera stand",10,10,"0.00","2026-07-02T04:46:52.680Z"
122,null,"RS-232 to Rs-485 convertor(ADAM)","General","RS-232 to Rs-485 convertor(ADAM)",10,10,"0.00","2026-07-02T04:46:52.686Z"
123,null,"RS-232 to Rs-485 convertor(WAVESHARE)","General","RS-232 to Rs-485 convertor(WAVESHARE)",10,10,"0.00","2026-07-02T04:46:52.692Z"
124,null,"USB to RS-485 convertor","General","USB to RS-485 convertor",10,10,"0.00","2026-07-02T04:46:52.697Z"
125,null,"Power supply for Waveshare","General","Power supply for Waveshare",10,10,"0.00","2026-07-02T04:46:52.702Z"
126,null,"USB to RS-232 covertor","General","USB to RS-232 covertor",10,10,"0.00","2026-07-02T04:46:52.708Z"
127,null,"RS -232 cable","General","RS -232 cable",10,10,"0.00","2026-07-02T04:46:52.714Z"
128,null,"24 volt Power Supply","General","24 volt Power Supply",10,10,"0.00","2026-07-02T04:46:52.719Z"
129,null,"TP-Link_313C","General","TP-Link_313C",10,10,"0.00","2026-07-02T04:46:52.725Z"
130,null,"USB charger","General","USB charger",10,10,"0.00","2026-07-02T04:46:52.734Z"
131,null,"USB  4G dongle","General","USB  4G dongle",10,10,"0.00","2026-07-02T04:46:52.739Z"
132,null,"Camera lens","General","Camera lens",10,10,"0.00","2026-07-02T04:46:52.745Z"
133,null,"Junction box","General","Junction box",10,10,"0.00","2026-07-02T04:46:52.751Z"
134,null,"Missblank parts","General","Missblank parts",10,10,"0.00","2026-07-02T04:46:52.756Z"
135,null,"CPU units","General","CPU units",10,10,"0.00","2026-07-02T04:46:52.762Z"
136,null,"Master control Unit","General","Master control Unit",10,10,"0.00","2026-07-02T04:46:52.768Z"
137,null,"Expandable modular 4-Input","General","Expandable modular 4-Input",10,10,"0.00","2026-07-02T04:46:52.774Z"
138,null,"spanner set","General","spanner set",10,10,"0.00","2026-07-02T04:46:52.779Z"
139,null,"Buzzer","General","Buzzer",10,10,"0.00","2026-07-02T04:46:52.785Z"
140,null,"Flash light","General","Flash light",10,10,"0.00","2026-07-02T04:46:52.791Z"
141,null,"19mm Collar","General","19mm Collar",10,10,"0.00","2026-07-02T04:46:52.797Z"
142,null,"19mm Base sedal toplite","General","19mm Base sedal toplite",10,10,"0.00","2026-07-02T04:46:52.803Z"
143,null,"19mm band PU","General","19mm band PU",10,10,"0.00","2026-07-02T04:46:52.809Z"
144,null,"19mm mold pipe","General","19mm mold pipe",10,10,"0.00","2026-07-02T04:46:52.815Z"
145,null,"10mm Flexible pipe","General","10mm Flexible pipe",10,10,"0.00","2026-07-02T04:46:52.821Z"
147,null,"Table Fan","General","Table Fan",10,10,"0.00","2026-07-02T04:46:52.833Z"
148,null,"Improvar","General","Improvar",10,10,"0.00","2026-07-02T04:46:52.840Z"
149,null,"USB Hub","General","USB Hub",10,10,"0.00","2026-07-02T04:46:52.846Z"
150,null,"Button with lamp 24V assembled in box","General","Button with lamp 24V assembled in box",10,10,"0.00","2026-07-02T04:46:52.852Z"
151,null,"Relay","General","Relay",10,10,"0.00","2026-07-02T04:46:52.859Z"
152,null,"Inductive proximity sensor","General","Inductive proximity sensor",10,10,"0.00","2026-07-02T04:46:52.864Z"
153,null,"wires","General","wires",10,10,"0.00","2026-07-02T04:46:52.870Z"
154,null,"Expandable modular 8 Input module","General","Expandable modular 8 Input module",10,10,"0.00","2026-07-02T04:46:52.875Z"
155,null,"Selector switch","General","Selector switch",10,10,"0.00","2026-07-02T04:46:52.882Z"
156,null,"Screw driver","General","Screw driver",10,10,"0.00","2026-07-02T04:46:52.888Z"
157,null,"expandable modular output module","General","expandable modular output module",10,10,"0.00","2026-07-02T04:46:52.895Z"
158,null,"SSR switch","General","SSR switch",10,10,"0.00","2026-07-02T04:46:52.901Z"
159,null,"Blue Caps","General","Blue Caps",10,10,"0.00","2026-07-02T04:46:52.909Z"
160,null,"Extender USB","General","Extender USB",10,10,"0.00","2026-07-02T04:46:52.914Z"
161,null,"Autonics sensor","General","Autonics sensor",10,10,"0.00","2026-07-02T04:46:52.921Z"
162,null,"hammer tool","General","hammer tool",10,10,"0.00","2026-07-02T04:46:52.931Z"
163,null,"24V ETH switch","General","24V ETH switch",10,10,"0.00","2026-07-02T04:46:52.938Z"
164,null,"USB to ETH Convertor","General","USB to ETH Convertor",10,10,"0.00","2026-07-02T04:46:52.944Z"
165,null,"Light with Remote","General","Light with Remote",10,10,"0.00","2026-07-02T04:46:52.950Z"
166,null,"Trypod Stand","General","Trypod Stand",10,10,"0.00","2026-07-02T04:46:52.956Z"
167,null,"Hik-Vision camera with power adapter","General","Hik-Vision camera with power adapter",10,10,"0.00","2026-07-02T04:46:52.962Z"
168,null,"IMAGE PROCESSING DEVICE","General","IMAGE PROCESSING DEVICE",10,10,"0.00","2026-07-02T04:46:52.969Z"
169,null,"E-link paper HDMI Display + HDMI cable","General","E-link paper HDMI Display + HDMI cable",10,10,"0.00","2026-07-02T04:46:52.976Z"
170,null,"IP Camera 5MP","General","IP Camera 5MP",10,10,"0.00","2026-07-02T04:46:52.982Z"
171,null,"Network router","General","Network router",10,10,"0.00","2026-07-02T04:46:52.991Z"
172,null,"wall mount rack","General","wall mount rack",10,10,"0.00","2026-07-02T04:46:52.997Z"
173,null,"5*5 camera mounting box","General","5*5 camera mounting box",10,10,"0.00","2026-07-02T04:46:53.003Z"
174,null,"ups","General","ups",10,10,"0.00","2026-07-02T04:46:53.011Z"
175,null,"USB camera","General","USB camera",10,10,"0.00","2026-07-02T04:46:53.017Z"
176,null,"Electrical Panel includes - SMPS 24V/5A - Relay - Pushbutton - Pushbutton with box for inside user - Other essential accessories for wiring and - Electromagnetic lock - internal wiring","General","Electrical Panel includes - SMPS 24V/5A - Relay - Pushbutton - Pushbutton with box for inside user - Other essential accessories for wiring and - Electromagnetic lock - internal wiring",10,10,"0.00","2026-07-02T04:46:53.024Z"
177,null,"MCU48440","General","MCU48440",10,10,"0.00","2026-07-02T04:46:53.030Z"
178,null,"Display cable to HDMI converter cable","General","Display cable to HDMI converter cable",10,10,"0.00","2026-07-02T04:46:53.037Z"
179,null,"IP Camera 5MP(s/n:8EOC543PAGD1ECD)","General","IP Camera 5MP(s/n:8EOC543PAGD1ECD)",10,10,"0.00","2026-07-02T04:46:53.043Z"
180,null,"Master Control unit - New with gray enclosure","General","Master Control unit - New with gray enclosure",10,10,"0.00","2026-07-02T04:46:53.048Z"
181,null,"Display port cable","General","Display port cable",10,10,"0.00","2026-07-02T04:46:53.054Z"
182,null,"Camera","General","Camera",10,10,"0.00","2026-07-02T04:46:53.060Z"
183,null,"Extension Switch socket","General","Extension Switch socket",10,10,"0.00","2026-07-02T04:46:53.065Z"
184,null,"Hardware for AI application","General","Hardware for AI application",10,10,"0.00","2026-07-02T04:46:53.072Z"
185,null,"Monitor Display with power adaptor with Hdmi","General","Monitor Display with power adaptor with Hdmi",10,10,"0.00","2026-07-02T04:46:53.078Z"
186,null,"Temperature Sensor","General","Temperature Sensor",10,10,"0.00","2026-07-02T04:46:53.084Z"
187,null,"Barcode Scanner","General","Barcode Scanner",10,10,"0.00","2026-07-02T04:46:53.091Z"
188,null,"NFC Reader","General","NFC Reader",10,10,"0.00","2026-07-02T04:46:53.096Z"
189,null,"Testing Parts","General","Testing Parts",10,10,"0.00","2026-07-02T04:46:53.102Z"
190,null,"Master Control Unit Version 2","General","Master Control Unit Version 2",10,10,"0.00","2026-07-02T04:46:53.109Z"
191,null,"HDMI to USB Converter","General","HDMI to USB Converter",10,10,"0.00","2026-07-02T04:46:53.114Z"
192,null,"IOT Computer PC","General","IOT Computer PC",10,10,"0.00","2026-07-02T04:46:53.119Z"
193,null,"Crimping tool kit","General","Crimping tool kit",10,10,"0.00","2026-07-02T04:46:53.125Z"
194,null,"Wirless Keyboard","General","Wirless Keyboard",10,10,"0.00","2026-07-02T04:46:53.131Z"
195,null,"Expandable IO module","General","Expandable IO module",10,10,"0.00","2026-07-02T04:46:53.137Z"
196,null,"Wireless keyboard and mouse","General","Wireless keyboard and mouse",10,10,"0.00","2026-07-02T04:46:53.143Z"
197,null,"Camera USB Extender","General","Camera USB Extender",10,10,"0.00","2026-07-02T04:46:53.148Z"
199,null,"SSD","General","SSD",10,10,"0.00","2026-07-02T04:46:53.160Z"
200,null,"DP to HDMI Converter","General","DP to HDMI Converter",10,10,"0.00","2026-07-02T04:46:53.167Z"
201,null,"CPU","General","CPU",10,10,"0.00","2026-07-02T04:46:53.173Z"
202,null,"Push Button and Buzzer kit","General","Push Button and Buzzer kit",10,10,"0.00","2026-07-02T04:46:53.178Z"
203,null,"Display port to HDMI converter cable","General","Display port to HDMI converter cable",10,10,"0.00","2026-07-02T04:46:53.184Z"
204,null,"Hailo Accelerator module","General","Hailo Accelerator module",10,10,"0.00","2026-07-02T04:46:53.193Z"
205,null,"Camre CSI cable 22 to 15 pin","General","Camre CSI cable 22 to 15 pin",10,10,"0.00","2026-07-02T04:46:53.198Z"
206,null,"Raspberry pi M.2 board","General","Raspberry pi M.2 board",10,10,"0.00","2026-07-02T04:46:53.204Z"
146,null,"400mm tie black PVC","General","400mm tie black PVC",10,8,"0.00","2026-07-02T04:46:52.827Z"
207,null,"IO Module","General","IO Module",10,10,"0.00","2026-07-02T04:46:53.210Z"
208,null,"DP to HDMI Converter with Dummy HDMI","General","DP to HDMI Converter with Dummy HDMI",10,10,"0.00","2026-07-02T04:46:53.216Z"
209,null,"Panel","General","Panel",10,10,"0.00","2026-07-02T04:46:53.222Z"
210,null,"Global shutter camera","General","Global shutter camera",10,10,"0.00","2026-07-02T04:46:53.228Z"
211,null,"DVP-14SS2","General","DVP-14SS2",10,10,"0.00","2026-07-02T04:46:53.234Z"
212,null,"DOP-103BQ","General","DOP-103BQ",10,10,"0.00","2026-07-02T04:46:53.239Z"
213,null,"RS-232 to RS-232","General","RS-232 to RS-232",10,10,"0.00","2026-07-02T04:46:53.245Z"
214,null,"RS-232/RS-485 combination cable","General","RS-232/RS-485 combination cable",10,10,"0.00","2026-07-02T04:46:53.252Z"
215,null,"Ethernet dummy cable","General","Ethernet dummy cable",10,10,"0.00","2026-07-02T04:46:53.259Z"
216,null,"Display 10.1 inch","General","Display 10.1 inch",10,10,"0.00","2026-07-02T04:46:53.265Z"
217,null,"Monitor With Power Adapter","General","Monitor With Power Adapter",10,10,"0.00","2026-07-02T04:46:53.271Z"
218,null,"HDMI to DP Cable","General","HDMI to DP Cable",10,10,"0.00","2026-07-02T04:46:53.277Z"
219,null,"PhotoElectric Sensor(DDTA-P)","General","PhotoElectric Sensor(DDTA-P)",10,10,"0.00","2026-07-02T04:46:53.283Z"
220,null,"PhotoElectric Sensor(DDTA)","General","PhotoElectric Sensor(DDTA)",10,10,"0.00","2026-07-02T04:46:53.290Z"
221,null,"lamp 24V assembled in box","General","lamp 24V assembled in box",10,10,"0.00","2026-07-02T04:46:53.296Z"
222,null,"Plastic enclosures for Relay","General","Plastic enclosures for Relay",10,10,"0.00","2026-07-02T04:46:53.302Z"
223,null,"Three-Core wire 10 meter","General","Three-Core wire 10 meter",10,10,"0.00","2026-07-02T04:46:53.308Z"
224,null,"Push Button","General","Push Button",10,10,"0.00","2026-07-02T04:46:53.313Z"
225,null,"Presentor MCU432000W","General","Presentor MCU432000W",10,10,"0.00","2026-07-02T04:46:53.320Z"
226,null,"Scanner","General","Scanner",10,10,"0.00","2026-07-02T04:46:53.326Z"
227,null,"CPU SN:R302BKSP","General","CPU SN:R302BKSP",10,10,"0.00","2026-07-02T04:46:53.331Z"
228,null,"RTC Battery","General","RTC Battery",10,10,"0.00","2026-07-02T04:46:53.338Z"
229,null,"Smart multicolor LEDs controller kit","General","Smart multicolor LEDs controller kit",10,10,"0.00","2026-07-02T04:46:53.344Z"
230,null,"Improvar with Display","General","Improvar with Display",10,10,"0.00","2026-07-02T04:46:53.350Z"
231,null,"Power Supply","General","Power Supply",10,10,"0.00","2026-07-02T04:46:53.355Z"
232,null,"rs485/rs422 to rs 232 converter","General","rs485/rs422 to rs 232 converter",10,10,"0.00","2026-07-02T04:46:53.361Z"
233,null,"Electrical Panel includes - Sheetmetal Panel - SMPS 12V DC - Accessories - wire - Internal Wiring - HDMI to DP Converter - PoE Adapter - Ethernet Switch","General","Electrical Panel includes - Sheetmetal Panel - SMPS 12V DC - Accessories - wire - Internal Wiring - HDMI to DP Converter - PoE Adapter - Ethernet Switch",10,10,"0.00","2026-07-02T04:46:53.367Z"
234,null,"Electrical Panel","General","Electrical Panel",10,10,"0.00","2026-07-02T04:46:53.373Z"
235,null,"IOT CPU","General","IOT CPU",10,10,"0.00","2026-07-02T04:46:53.379Z"
236,null,"Crimping tool","General","Crimping tool",10,10,"0.00","2026-07-02T04:46:53.385Z"
237,null,"Crimp Wire Lugs","General","Crimp Wire Lugs",10,10,"0.00","2026-07-02T04:46:53.391Z"
238,null,"RS232 to RS485 Convertor","General","RS232 to RS485 Convertor",10,10,"0.00","2026-07-02T04:46:53.397Z"
239,null,"Image Processing variant 8GB","General","Image Processing variant 8GB",10,10,"0.00","2026-07-02T04:46:53.404Z"
240,null,"Image Processing Variant 4GB","General","Image Processing Variant 4GB",10,10,"0.00","2026-07-02T04:46:53.410Z"
241,null,"Camera with 2 lens","General","Camera with 2 lens",10,10,"0.00","2026-07-02T04:46:53.416Z"
242,null,"Sensor","General","Sensor",10,10,"0.00","2026-07-02T04:46:53.423Z"
243,null,"Light with accesssories","General","Light with accesssories",10,10,"0.00","2026-07-02T04:46:53.429Z"
244,null,"Indusπ","General","Indusπ",10,10,"0.00","2026-07-02T04:46:53.435Z"
245,null,"USB IR Camera","General","USB IR Camera",10,10,"0.00","2026-07-02T04:46:53.442Z"
246,null,"display","General","display",10,10,"0.00","2026-07-02T04:46:53.449Z"
247,null,"Indus Pi Case Only","General","Indus Pi Case Only",10,10,"0.00","2026-07-02T04:46:53.454Z"
248,null,"COFE 4G/5G Router","General","COFE 4G/5G Router",10,10,"0.00","2026-07-02T04:46:53.462Z"
249,null,"COFE Power Adapter","General","COFE Power Adapter",10,10,"0.00","2026-07-02T04:46:53.468Z"
250,null,"Power cable","General","Power cable",10,10,"0.00","2026-07-02T04:46:53.474Z"
251,null,"USB to micro usb cable","General","USB to micro usb cable",10,10,"0.00","2026-07-02T04:46:53.480Z"
252,null,"Io kit","General","Io kit",10,10,"0.00","2026-07-02T04:46:53.487Z"
253,null,"Foam","General","Foam",10,10,"0.00","2026-07-02T04:46:53.493Z"
254,null,"Micro USB cable","General","Micro USB cable",10,10,"0.00","2026-07-02T04:46:53.499Z"
255,null,"Ultrasonic sensor mounting disc","General","Ultrasonic sensor mounting disc",10,10,"0.00","2026-07-02T04:46:53.511Z"
256,null,"4-20mA Coverter","General","4-20mA Coverter",10,10,"0.00","2026-07-02T04:46:53.517Z"
257,null,"4-20mA Signal Generator","General","4-20mA Signal Generator",10,10,"0.00","2026-07-02T04:46:53.523Z"
258,null,"Ultrasonic Sensor","General","Ultrasonic Sensor",10,10,"0.00","2026-07-02T04:46:53.529Z"
259,null,"RGB SMD LED","General","RGB SMD LED",10,10,"0.00","2026-07-02T04:46:53.535Z"
260,null,"AI edge device","General","AI edge device",10,10,"0.00","2026-07-02T04:46:53.542Z"
261,null,"Angle bar 2 length","General","Angle bar 2 length",10,10,"0.00","2026-07-02T04:46:53.547Z"
262,null,"Ms bolts","General","Ms bolts",10,10,"0.00","2026-07-02T04:46:53.555Z"
263,null,"230V Power Cable","General","230V Power Cable",10,10,"0.00","2026-07-02T04:46:53.563Z"
264,null,"ESDT STATUS BOARD","General","ESDT STATUS BOARD",10,10,"0.00","2026-07-02T04:46:53.570Z"
265,null,"CONTROL PANEL-SMALL WITH ACCESSORIES - Sheetmetal Panel - SMPS 12V DC - Accessories - wire - Internal Wiring - HDMI to DP Converter - PoE Adapter - Ethernet Switch","General","CONTROL PANEL-SMALL WITH ACCESSORIES - Sheetmetal Panel - SMPS 12V DC - Accessories - wire - Internal Wiring - HDMI to DP Converter - PoE Adapter - Ethernet Switch",10,10,"0.00","2026-07-02T04:46:53.578Z"
266,null,"Hexa Blade","General","Hexa Blade",10,10,"0.00","2026-07-02T04:46:53.585Z"
267,null,"9V Battery","General","9V Battery",10,10,"0.00","2026-07-02T04:46:53.595Z"
268,null,"BRQP400-DDTA-P","General","BRQP400-DDTA-P",10,10,"0.00","2026-07-02T04:46:53.602Z"
269,null,"ASSY_REPAIRS_AMS1 MASTER CONTROL UNIT HSN Code: 8501.52.10","General","ASSY_REPAIRS_AMS1 MASTER CONTROL UNIT HSN Code: 8501.52.10",10,10,"0.00","2026-07-02T04:46:53.610Z"
270,null,"Isolated USB to RS-485 convertor","General","Isolated USB to RS-485 convertor",10,10,"0.00","2026-07-02T04:46:53.616Z"
271,null,"USB Serial Cable","General","USB Serial Cable",10,10,"0.00","2026-07-02T04:46:53.622Z"
272,null,"pvc camera stand","General","pvc camera stand",10,10,"0.00","2026-07-02T04:46:53.628Z"
273,null,"mallet","General","mallet",10,10,"0.00","2026-07-02T04:46:53.634Z"
274,null,"acrylic sheet","General","acrylic sheet",10,10,"0.00","2026-07-02T04:46:53.641Z"
275,null,"IR Camera","General","IR Camera",10,10,"0.00","2026-07-02T04:46:53.648Z"
276,null,"Buzzer with Accessories","General","Buzzer with Accessories",10,10,"0.00","2026-07-02T04:46:53.662Z"
277,null,"Mini IPC","General","Mini IPC",10,10,"0.00","2026-07-02T04:46:53.669Z"
278,null,"Temperature Sensor and Humidity sensor","General","Temperature Sensor and Humidity sensor",10,10,"0.00","2026-07-02T04:46:53.675Z"
279,null,"Drilling machine kit","General","Drilling machine kit",10,10,"0.00","2026-07-02T04:46:53.681Z"
280,null,"Chisel","General","Chisel",10,10,"0.00","2026-07-02T04:46:53.687Z"
281,null,"HMI Display","General","HMI Display",10,10,"0.00","2026-07-02T04:46:53.693Z"
283,null,"Improver with IO Card","General","Improver with IO Card",10,10,"0.00","2026-07-02T04:46:53.709Z"
284,null,"POE Switch","General","POE Switch",10,10,"0.00","2026-07-02T04:46:53.715Z"
285,null,"LED Bulb","General","LED Bulb",10,10,"0.00","2026-07-02T04:46:53.721Z"
286,null,"ABS Case","General","ABS Case",10,10,"0.00","2026-07-02T04:46:53.727Z"
287,null,"Measurement Tape","General","Measurement Tape",10,10,"0.00","2026-07-02T04:46:53.734Z"
288,null,"Zebra Printer with power adapter and power cable","General","Zebra Printer with power adapter and power cable",10,10,"0.00","2026-07-02T04:46:53.741Z"
289,null,"Usb B type","General","Usb B type",10,10,"0.00","2026-07-02T04:46:53.748Z"
290,null,"Plastic panel","General","Plastic panel",10,10,"0.00","2026-07-02T04:46:53.756Z"
291,null,"GPIO KIt","General","GPIO KIt",10,10,"0.00","2026-07-02T04:46:53.762Z"
292,null,"Plastic panel with IndusPI","General","Plastic panel with IndusPI",10,10,"0.00","2026-07-02T04:46:53.769Z"
293,null,"INDUS-R6","General","INDUS-R6",10,10,"0.00","2026-07-02T04:46:53.777Z"
294,null,"lamp 24V assembled","General","lamp 24V assembled",10,10,"0.00","2026-07-02T04:46:53.783Z"
295,null,"Button with Lamp 24V","General","Button with Lamp 24V",10,10,"0.00","2026-07-02T04:46:53.789Z"
296,null,"Hammer drill machine","General","Hammer drill machine",10,10,"0.00","2026-07-02T04:46:53.795Z"
297,null,"Hammer drill bit 10mm","General","Hammer drill bit 10mm",10,10,"0.00","2026-07-02T04:46:53.800Z"
298,null,"Hammer","General","Hammer",10,10,"0.00","2026-07-02T04:46:53.806Z"
299,null,"Welding machine","General","Welding machine",10,10,"0.00","2026-07-02T04:46:53.819Z"
300,null,"Welding cable","General","Welding cable",10,10,"0.00","2026-07-02T04:46:53.826Z"
301,null,"Earthing cable","General","Earthing cable",10,10,"0.00","2026-07-02T04:46:53.831Z"
302,null,"Electric rods","General","Electric rods",10,10,"0.00","2026-07-02T04:46:53.838Z"
303,null,"Plum bob","General","Plum bob",10,10,"0.00","2026-07-02T04:46:53.844Z"
304,null,"Spirit level","General","Spirit level",10,10,"0.00","2026-07-02T04:46:53.849Z"
305,null,"Cutting player","General","Cutting player",10,10,"0.00","2026-07-02T04:46:53.856Z"
306,null,"Cleaning brush","General","Cleaning brush",10,10,"0.00","2026-07-02T04:46:53.862Z"
307,null,"Dust shield","General","Dust shield",10,10,"0.00","2026-07-02T04:46:53.867Z"
308,null,"Anchor bolts 100×10","General","Anchor bolts 100×10",10,10,"0.00","2026-07-02T04:46:53.875Z"
309,null,"Industrial Plug","General","Industrial Plug",10,10,"0.00","2026-07-02T04:46:53.881Z"
310,null,"Cable Tag","General","Cable Tag",10,10,"0.00","2026-07-02T04:46:53.887Z"
311,null,"Display with accessories","General","Display with accessories",10,10,"0.00","2026-07-02T04:46:53.894Z"
312,null,"HDMI flexible Cable","General","HDMI flexible Cable",10,10,"0.00","2026-07-02T04:46:53.900Z"
313,null,"HDMI Connector","General","HDMI Connector",10,10,"0.00","2026-07-02T04:46:53.907Z"
314,null,"Raceways with cover GI without perforation, Size 100 x 40 mm ht, 1.0 mm 2.5 mtr x 80 Numbers","General","Raceways with cover GI without perforation, Size 100 x 40 mm ht, 1.0 mm 2.5 mtr x 80 Numbers",10,10,"0.00","2026-07-02T04:46:53.912Z"
315,null,"Coupler Plates - GI (4 Holes)","General","Coupler Plates - GI (4 Holes)",10,10,"0.00","2026-07-02T04:46:53.919Z"
316,null,"Bolt, Nut & Washers - Plated (1 Bolt + 1 Nut, 2 washers)","General","Bolt, Nut & Washers - Plated (1 Bolt + 1 Nut, 2 washers)",10,10,"0.00","2026-07-02T04:46:53.926Z"
317,null,"Teflon Tape","General","Teflon Tape",10,10,"0.00","2026-07-02T04:46:53.933Z"
318,null,"Digital Pressure Sensor/Switch","General","Digital Pressure Sensor/Switch",10,10,"0.00","2026-07-02T04:46:53.940Z"
319,null,"Voltage to RS 485 converter","General","Voltage to RS 485 converter",10,10,"0.00","2026-07-02T04:46:53.946Z"
320,null,"Allen screws M4×20 = 14 Qty M5×15 = 75 Qty M6×60 = 50 Qty M5×60 = 2  Qty M6 lock nut 50 Qty ","General","Allen screws M4×20 = 14 Qty M5×15 = 75 Qty M6×60 = 50 Qty M5×60 = 2  Qty M6 lock nut 50 Qty ",10,10,"0.00","2026-07-02T04:46:53.953Z"
322,null,"Stands","General","Stands",10,10,"0.00","2026-07-02T04:46:53.965Z"
323,null,"RFID sensor brackets","General","RFID sensor brackets",10,10,"0.00","2026-07-02T04:46:53.971Z"
324,null,"I/O Link master mounting brackets","General","I/O Link master mounting brackets",10,10,"0.00","2026-07-02T04:46:53.977Z"
325,null,"Trolley pin sensor bracket","General","Trolley pin sensor bracket",10,10,"0.00","2026-07-02T04:46:53.984Z"
326,null,"Roller sensor brackets","General","Roller sensor brackets",10,10,"0.00","2026-07-02T04:46:53.991Z"
327,null,"Black conduit","General","Black conduit",10,10,"0.00","2026-07-02T04:46:53.997Z"
328,null,"Glands","General","Glands",10,10,"0.00","2026-07-02T04:46:54.003Z"
329,null,"USB C to Ethernet","General","USB C to Ethernet",10,10,"0.00","2026-07-02T04:46:54.011Z"
330,null,"ASSY_REPAIRS_AMS1 48502 TRANSMITTER 0100 / 1559 HSN Code: 85015210","General","ASSY_REPAIRS_AMS1 48502 TRANSMITTER 0100 / 1559 HSN Code: 85015210",10,10,"0.00","2026-07-02T04:46:54.016Z"
331,null,"ASSY_REPAIRS_AMS1 IMAGE PROCESSING DEVICE 0100 / 1559 HSN Code: 85015210","General","ASSY_REPAIRS_AMS1 IMAGE PROCESSING DEVICE 0100 / 1559 HSN Code: 85015210",10,10,"0.00","2026-07-02T04:46:54.022Z"
332,null,"ASSY_REPAIRS_AMS1 USB RS422/485 ADAPTER SET 0100 / 1559 HSN Code: 85015210","General","ASSY_REPAIRS_AMS1 USB RS422/485 ADAPTER SET 0100 / 1559 HSN Code: 85015210",10,10,"0.00","2026-07-02T04:46:54.028Z"
333,null,"ISE20A-T-01-J DIGITAL PRESURE SENSOR  , -0.1 TO 1MPa","General","ISE20A-T-01-J DIGITAL PRESURE SENSOR  , -0.1 TO 1MPa",10,10,"0.00","2026-07-02T04:46:54.033Z"
334,null,"Laser cut machine monitoring system","General","Laser cut machine monitoring system",10,10,"0.00","2026-07-02T04:46:54.041Z"
198,null,"1/4 \"Clamp","General","1/4 \"Clamp",10,9,"0.00","2026-07-02T04:46:53.154Z"
1,null,"LG3399 Multifunction meter","General","LG3399 Multifunction meter",2,2,"0.00","2026-07-02T04:46:51.907Z"
282,null,"12v DC Fan","General","12v DC Fan",10,10,"0.00","2026-07-02T04:46:53.702Z"
4,null,"Tool Kit","General","Tool Kit",10,3,"200.00","2026-07-02T04:46:51.941Z"
321,null,"100 x 100 acralic sheet","General","100 x 100 acralic sheet",10,4,"0.00","2026-07-02T04:46:53.959Z"
